{
  "parent": "minecraft:block/template_glazed_terracotta",
  "textures": {
    "pattern": "minecraft:block/cloth_whale/on/symbols/subsymbols",
    "side":"minecraft:block/cloth_whale/blank_white",
    "cover":"minecraft:block/cloth_whale/blank_red"
  },
  "elements": [
      {   "from": [ 0, 0, 0 ],
          "to": [ 16, 16, 16 ],
          "faces": {
              "down":  { "uv": [ 0, 0, 16, 16 ], "texture": "#cover", "cullface": "down", "rotation":0 },
              "up":    { "uv": [ 0, 16, 16, 0 ], "texture": "#cover", "cullface": "up" , "rotation":0 },
              "north": { "uv": [ 4.571,0.000,6.857,16.000 ], "texture": "#pattern", "cullface": "north", "rotation":180  },
              "south": { "uv": [ 4.571,0.000,6.857,16.000 ], "texture": "#pattern", "cullface": "south", "rotation":180  },
              "west":  { "uv": [ 0, 0, 16, 16 ], "texture": "#cover", "cullface": "west", "rotation":0  },
              "east":  { "uv": [ 0, 0, 16, 16 ], "texture": "#cover", "cullface": "east", "rotation":0  }
          }
      }
  ]
}